{
  "C_LP_full": 5.826049575311591,
  "n_snapshots": 71,
  "classification": "B",
  "results": [
    {
      "r": 16,
      "Cred": 5.545482728192785,
      "relerr": 0.04815730513309274,
      "ineq_viol": 5.5131246790018906e-14,
      "box_viol": 8.881784197001252e-16,
      "dt": 0.29404187202453613
    },
    {
      "r": 32,
      "Cred": 5.568811768383168,
      "relerr": 0.044153041199390244,
      "ineq_viol": 7.037079252647516e-14,
      "box_viol": 0.0,
      "dt": 0.668257474899292
    },
    {
      "r": 64,
      "Cred": 5.640763114639847,
      "relerr": 0.031803104020417534,
      "ineq_viol": 1.540180743359043e-13,
      "box_viol": 2.220446049250313e-16,
      "dt": 2.1493122577667236
    }
  ]
}